emotion,rank,token,frequency,relative_frequency_per_1000_emotion_hits
anger,1,bad,164,75.750577
anger,2,combat,153,70.669746
anger,3,fight,129,59.584296
anger,4,attack,112,51.732102
anger,5,damage,108,49.884527
anger,6,enemy,93,42.95612
anger,7,hit,92,42.494226
anger,8,annoying,71,32.794457
anger,9,hunting,66,30.484988
anger,10,fighting,62,28.637413
anger,11,death,48,22.170901
anger,12,coop,41,18.937644
anger,13,tree,40,18.475751
anger,14,hate,36,16.628176
anger,15,difficulty,31,14.318707
anger,16,limited,29,13.394919
anger,17,killing,27,12.471132
anger,18,feeling,26,12.009238
anger,19,shot,24,11.08545
anger,20,attacking,23,10.623557
anger,21,terrible,23,10.623557
anger,22,unfair,19,8.775982
anger,23,money,18,8.314088
anger,24,hell,15,6.928406
anger,25,chaotic,15,6.928406
anger,26,chaos,15,6.928406
anger,27,disappointed,15,6.928406
anger,28,grab,14,6.466513
anger,29,frustration,14,6.466513
anger,30,dislike,14,6.466513
anger,31,lose,14,6.466513
anger,32,poison,12,5.542725
anger,33,complain,12,5.542725
anger,34,beating,12,5.542725
anger,35,broken,11,5.080831
anger,36,dying,11,5.080831
anger,37,awful,11,5.080831
anger,38,invade,11,5.080831
anger,39,force,10,4.618938
anger,40,warp,10,4.618938
anger,41,challenge,10,4.618938
anger,42,losing,9,4.157044
anger,43,punishing,9,4.157044
anger,44,mob,8,3.69515
anger,45,insane,8,3.69515
anger,46,powerful,8,3.69515
anger,47,crazy,8,3.69515
anger,48,complaint,8,3.69515
anger,49,demon,8,3.69515
anger,50,strike,8,3.69515
anger,51,horrible,7,3.233256
anger,52,honest,7,3.233256
anger,53,deserve,7,3.233256
anger,54,blast,7,3.233256
anger,55,damn,6,2.771363
anger,56,execution,6,2.771363
anger,57,disappoint,6,2.771363
anger,58,battle,6,2.771363
anger,59,aggressive,6,2.771363
anger,60,mad,6,2.771363
anger,61,lightning,6,2.771363
anger,62,rating,5,2.309469
anger,63,shooting,5,2.309469
anger,64,hurt,5,2.309469
anger,65,worthless,5,2.309469
anger,66,abandoned,5,2.309469
anger,67,react,5,2.309469
anger,68,murder,5,2.309469
anger,69,ridiculous,5,2.309469
anger,70,remove,5,2.309469
anger,71,disliked,5,2.309469
anger,72,invasion,5,2.309469
anger,73,kick,5,2.309469
anger,74,slam,4,1.847575
anger,75,opposed,4,1.847575
anger,76,stab,4,1.847575
anger,77,disagree,4,1.847575
anger,78,invader,4,1.847575
anger,79,grim,4,1.847575
anger,80,hot,4,1.847575
anger,81,brutal,4,1.847575
anger,82,slash,4,1.847575
anger,83,unforgiving,4,1.847575
anger,84,defense,4,1.847575
anger,85,ruined,4,1.847575
anger,86,atrocious,4,1.847575
anger,87,crime,4,1.847575
anger,88,punished,4,1.847575
anger,89,vampire,3,1.385681
anger,90,endless,3,1.385681
anger,91,deadly,3,1.385681
anger,92,kicking,3,1.385681
anger,93,aggravating,3,1.385681
anger,94,criticism,3,1.385681
anger,95,inconvenient,3,1.385681
anger,96,smack,3,1.385681
anger,97,criminal,3,1.385681
anger,98,aggression,3,1.385681
anger,99,hostile,3,1.385681
anger,100,horrific,3,1.385681
anticipation,1,sanctuary,537,167.394015
anticipation,2,good,354,110.349127
anticipation,3,fun,336,104.738155
anticipation,4,time,237,73.877805
anticipation,5,hunter,203,63.279302
anticipation,6,pretty,98,30.548628
anticipation,7,sequel,77,24.002494
anticipation,8,hunting,66,20.573566
anticipation,9,start,59,18.391521
anticipation,10,enjoy,55,17.144638
anticipation,11,long,50,15.586035
anticipation,12,death,48,14.962594
anticipation,13,perfect,43,13.40399
anticipation,14,art,43,13.40399
anticipation,15,tree,40,12.468828
anticipation,16,progression,35,10.910224
anticipation,17,deal,33,10.286783
anticipation,18,explore,30,9.351621
anticipation,19,progress,27,8.416459
anticipation,20,feeling,26,8.104738
anticipation,21,hope,26,8.104738
anticipation,22,finally,24,7.481297
anticipation,23,thought,24,7.481297
anticipation,24,expect,20,6.234414
anticipation,25,wait,19,5.922693
anticipation,26,farm,19,5.922693
anticipation,27,enjoying,18,5.610973
anticipation,28,money,18,5.610973
anticipation,29,launch,18,5.610973
anticipation,30,expecting,17,5.299252
anticipation,31,top,16,4.987531
anticipation,32,happen,15,4.67581
anticipation,33,expected,14,4.36409
anticipation,34,track,14,4.36409
anticipation,35,luck,13,4.052369
anticipation,36,present,12,3.740648
anticipation,37,coming,12,3.740648
anticipation,38,intended,12,3.740648
anticipation,39,quest,12,3.740648
anticipation,40,store,12,3.740648
anticipation,41,result,11,3.428928
anticipation,42,weight,10,3.117207
anticipation,43,healing,10,3.117207
anticipation,44,reward,10,3.117207
anticipation,45,ultimately,10,3.117207
anticipation,46,continue,9,2.805486
anticipation,47,attempt,8,2.493766
anticipation,48,immediately,8,2.493766
anticipation,49,powerful,8,2.493766
anticipation,50,share,8,2.493766
anticipation,51,respect,8,2.493766
anticipation,52,god,8,2.493766
anticipation,53,glad,8,2.493766
anticipation,54,happy,8,2.493766
anticipation,55,neutral,7,2.182045
anticipation,56,watch,7,2.182045
anticipation,57,worry,7,2.182045
anticipation,58,deserve,7,2.182045
anticipation,59,plan,7,2.182045
anticipation,60,experiment,6,1.870324
anticipation,61,entertaining,6,1.870324
anticipation,62,gain,6,1.870324
anticipation,63,achievement,6,1.870324
anticipation,64,momentum,6,1.870324
anticipation,65,lovely,6,1.870324
anticipation,66,alive,5,1.558603
anticipation,67,inspiration,5,1.558603
anticipation,68,excited,5,1.558603
anticipation,69,sweet,5,1.558603
anticipation,70,journey,5,1.558603
anticipation,71,vision,5,1.558603
anticipation,72,clue,5,1.558603
anticipation,73,cap,5,1.558603
anticipation,74,mystery,5,1.558603
anticipation,75,risk,5,1.558603
anticipation,76,completing,4,1.246883
anticipation,77,highest,4,1.246883
anticipation,78,grim,4,1.246883
anticipation,79,expectation,4,1.246883
anticipation,80,curiosity,4,1.246883
anticipation,81,bonus,4,1.246883
anticipation,82,ready,4,1.246883
anticipation,83,defense,4,1.246883
anticipation,84,score,4,1.246883
anticipation,85,success,4,1.246883
anticipation,86,punished,4,1.246883
anticipation,87,approaching,3,0.935162
anticipation,88,white,3,0.935162
anticipation,89,faith,3,0.935162
anticipation,90,successful,3,0.935162
anticipation,91,mysterious,3,0.935162
anticipation,92,dare,3,0.935162
anticipation,93,passion,3,0.935162
anticipation,94,continuation,3,0.935162
anticipation,95,improve,3,0.935162
anticipation,96,prepare,3,0.935162
anticipation,97,buddy,3,0.935162
anticipation,98,arrive,3,0.935162
anticipation,99,friendly,3,0.935162
anticipation,100,completion,3,0.935162
disgust,1,bad,164,138.047138
disgust,2,damage,108,90.909091
disgust,3,enemy,93,78.282828
disgust,4,death,48,40.40404
disgust,5,coop,41,34.511785
disgust,6,tree,40,33.670034
disgust,7,hate,36,30.30303
disgust,8,feeling,26,21.885522
disgust,9,nameless,26,21.885522
disgust,10,finally,24,20.20202
disgust,11,attacking,23,19.360269
disgust,12,terrible,23,19.360269
disgust,13,shame,22,18.518519
disgust,14,unfair,19,15.993266
disgust,15,weird,19,15.993266
disgust,16,hell,15,12.626263
disgust,17,disappointed,15,12.626263
disgust,18,trash,15,12.626263
disgust,19,dislike,14,11.784512
disgust,20,lose,14,11.784512
disgust,21,waste,13,10.942761
disgust,22,poison,12,10.10101
disgust,23,mess,12,10.10101
disgust,24,disappointment,12,10.10101
disgust,25,dying,11,9.259259
disgust,26,awful,11,9.259259
disgust,27,weight,10,8.417508
disgust,28,garbage,9,7.575758
disgust,29,powerful,8,6.734007
disgust,30,boy,8,6.734007
disgust,31,questionable,8,6.734007
disgust,32,demon,8,6.734007
disgust,33,horrible,7,5.892256
disgust,34,honest,7,5.892256
disgust,35,bug,7,5.892256
disgust,36,ugly,6,5.050505
disgust,37,damn,6,5.050505
disgust,38,disappoint,6,5.050505
disgust,39,crap,6,5.050505
disgust,40,mad,6,5.050505
disgust,41,worthless,5,4.208754
disgust,42,murder,5,4.208754
disgust,43,remains,5,4.208754
disgust,44,ridiculous,5,4.208754
disgust,45,sick,4,3.367003
disgust,46,grim,4,3.367003
disgust,47,ruined,4,3.367003
disgust,48,atrocious,4,3.367003
disgust,49,punished,4,3.367003
disgust,50,lethal,3,2.525253
disgust,51,vampire,3,2.525253
disgust,52,deadly,3,2.525253
disgust,53,unpleasant,3,2.525253
disgust,54,inconvenient,3,2.525253
disgust,55,criminal,3,2.525253
disgust,56,hostile,3,2.525253
disgust,57,horrific,3,2.525253
disgust,58,wasting,3,2.525253
disgust,59,obnoxious,3,2.525253
disgust,60,disparity,3,2.525253
disgust,61,larger,3,2.525253
disgust,62,backwards,3,2.525253
disgust,63,default,3,2.525253
disgust,64,ill,3,2.525253
disgust,65,abuse,2,1.683502
disgust,66,offensive,2,1.683502
disgust,67,witch,2,1.683502
disgust,68,gore,2,1.683502
disgust,69,fool,2,1.683502
disgust,70,poisoned,2,1.683502
disgust,71,bloated,2,1.683502
disgust,72,wasted,2,1.683502
disgust,73,oppressive,2,1.683502
disgust,74,miserable,2,1.683502
disgust,75,cruel,2,1.683502
disgust,76,suffering,2,1.683502
disgust,77,spoil,2,1.683502
disgust,78,sin,2,1.683502
disgust,79,slop,2,1.683502
disgust,80,discord,2,1.683502
disgust,81,flesh,2,1.683502
disgust,82,irritating,2,1.683502
disgust,83,vomit,2,1.683502
disgust,84,stripped,2,1.683502
disgust,85,unfriendly,2,1.683502
disgust,86,evil,2,1.683502
disgust,87,lesser,2,1.683502
disgust,88,mire,2,1.683502
disgust,89,dirt,2,1.683502
disgust,90,disgusting,2,1.683502
disgust,91,curse,2,1.683502
disgust,92,sour,2,1.683502
disgust,93,grotesque,2,1.683502
disgust,94,angry,2,1.683502
disgust,95,creature,2,1.683502
disgust,96,winning,2,1.683502
disgust,97,lie,2,1.683502
disgust,98,disgruntled,2,1.683502
disgust,99,failure,1,0.841751
disgust,100,lord,1,0.841751
fear,1,mage,271,94.887955
fear,2,monster,227,79.481793
fear,3,hunter,203,71.078431
fear,4,bad,164,57.422969
fear,5,combat,153,53.571429
fear,6,fight,129,45.168067
fear,7,armor,114,39.915966
fear,8,attack,112,39.215686
fear,9,enemy,93,32.563025
fear,10,kill,84,29.411765
fear,11,hunting,66,23.109244
fear,12,worse,49,17.156863
fear,13,death,48,16.806723
fear,14,die,43,15.056022
fear,15,hate,36,12.605042
fear,16,change,33,11.554622
fear,17,difficulty,31,10.854342
fear,18,problem,31,10.854342
fear,19,killing,27,9.453782
fear,20,feeling,26,9.103641
fear,21,shot,24,8.403361
fear,22,attacking,23,8.053221
fear,23,terrible,23,8.053221
fear,24,melee,22,7.703081
fear,25,shame,22,7.703081
fear,26,difficult,22,7.703081
fear,27,flying,22,7.703081
fear,28,fire,22,7.703081
fear,29,avoid,17,5.952381
fear,30,hell,15,5.252101
fear,31,chaos,15,5.252101
fear,32,lose,14,4.901961
fear,33,projectiles,13,4.551821
fear,34,case,13,4.551821
fear,35,poison,12,4.201681
fear,36,beating,12,4.201681
fear,37,guard,11,3.851541
fear,38,broken,11,3.851541
fear,39,dying,11,3.851541
fear,40,awful,11,3.851541
fear,41,invade,11,3.851541
fear,42,missing,11,3.851541
fear,43,force,10,3.501401
fear,44,weight,10,3.501401
fear,45,challenge,10,3.501401
fear,46,punishing,9,3.151261
fear,47,mob,8,2.80112
fear,48,insane,8,2.80112
fear,49,dangerous,8,2.80112
fear,50,powerful,8,2.80112
fear,51,crazy,8,2.80112
fear,52,god,8,2.80112
fear,53,giant,8,2.80112
fear,54,demon,8,2.80112
fear,55,horrible,7,2.45098
fear,56,honest,7,2.45098
fear,57,watch,7,2.45098
fear,58,worry,7,2.45098
fear,59,bug,7,2.45098
fear,60,blast,7,2.45098
fear,61,cliff,6,2.10084
fear,62,execution,6,2.10084
fear,63,aggressive,6,2.10084
fear,64,mad,6,2.10084
fear,65,lightning,6,2.10084
fear,66,rating,5,1.7507
fear,67,shooting,5,1.7507
fear,68,hurt,5,1.7507
fear,69,abandoned,5,1.7507
fear,70,react,5,1.7507
fear,71,pain,5,1.7507
fear,72,murder,5,1.7507
fear,73,journey,5,1.7507
fear,74,remains,5,1.7507
fear,75,remove,5,1.7507
fear,76,risk,5,1.7507
fear,77,slam,4,1.40056
fear,78,opposed,4,1.40056
fear,79,stab,4,1.40056
fear,80,highest,4,1.40056
fear,81,invader,4,1.40056
fear,82,grim,4,1.40056
fear,83,brutal,4,1.40056
fear,84,flee,4,1.40056
fear,85,verdict,4,1.40056
fear,86,defense,4,1.40056
fear,87,forced,4,1.40056
fear,88,ruined,4,1.40056
fear,89,weighty,4,1.40056
fear,90,warning,4,1.40056
fear,91,ruin,4,1.40056
fear,92,jarring,4,1.40056
fear,93,punished,4,1.40056
fear,94,punish,3,1.05042
fear,95,lethal,3,1.05042
fear,96,doubt,3,1.05042
fear,97,vampire,3,1.05042
fear,98,endless,3,1.05042
fear,99,deadly,3,1.05042
fear,100,hide,3,1.05042
joy,1,sanctuary,537,208.624709
joy,2,good,354,137.529138
joy,3,fun,336,130.536131
joy,4,love,127,49.339549
joy,5,pretty,98,38.073038
joy,6,enjoy,55,21.367521
joy,7,perfect,43,16.705517
joy,8,art,43,16.705517
joy,9,friend,42,16.317016
joy,10,tree,40,15.540016
joy,11,progression,35,13.597514
joy,12,found,34,13.209013
joy,13,deal,33,12.820513
joy,14,jump,32,12.432012
joy,15,kind,30,11.655012
joy,16,progress,27,10.48951
joy,17,feeling,26,10.10101
joy,18,hope,26,10.10101
joy,19,finally,24,9.324009
joy,20,content,22,8.547009
joy,21,music,19,7.381507
joy,22,favorite,19,7.381507
joy,23,enjoying,18,6.993007
joy,24,engaging,18,6.993007
joy,25,money,18,6.993007
joy,26,special,16,6.216006
joy,27,save,16,6.216006
joy,28,luck,13,5.050505
joy,29,present,12,4.662005
joy,30,weight,10,3.885004
joy,31,healing,10,3.885004
joy,32,resources,10,3.885004
joy,33,reward,10,3.885004
joy,34,memorable,9,3.496503
joy,35,beautiful,9,3.496503
joy,36,improvement,8,3.108003
joy,37,powerful,8,3.108003
joy,38,create,8,3.108003
joy,39,share,8,3.108003
joy,40,respect,8,3.108003
joy,41,true,8,3.108003
joy,42,god,8,3.108003
joy,43,glad,8,3.108003
joy,44,happy,8,3.108003
joy,45,honest,7,2.719503
joy,46,excellent,7,2.719503
joy,47,masterpiece,6,2.331002
joy,48,entertaining,6,2.331002
joy,49,encourage,6,2.331002
joy,50,gain,6,2.331002
joy,51,inspired,6,2.331002
joy,52,achievement,6,2.331002
joy,53,lovely,6,2.331002
joy,54,majority,5,1.942502
joy,55,alive,5,1.942502
joy,56,inspiration,5,1.942502
joy,57,gem,5,1.942502
joy,58,praise,5,1.942502
joy,59,excited,5,1.942502
joy,60,sweet,5,1.942502
joy,61,journey,5,1.942502
joy,62,silly,5,1.942502
joy,63,happily,5,1.942502
joy,64,heal,5,1.942502
joy,65,completing,4,1.554002
joy,66,highest,4,1.554002
joy,67,wonderful,4,1.554002
joy,68,bonus,4,1.554002
joy,69,score,4,1.554002
joy,70,loving,4,1.554002
joy,71,success,4,1.554002
joy,72,safe,3,1.165501
joy,73,white,3,1.165501
joy,74,endless,3,1.165501
joy,75,faith,3,1.165501
joy,76,successful,3,1.165501
joy,77,surprise,3,1.165501
joy,78,passion,3,1.165501
joy,79,improve,3,1.165501
joy,80,vitality,3,1.165501
joy,81,generous,3,1.165501
joy,82,buddy,3,1.165501
joy,83,hilarious,3,1.165501
joy,84,friendly,3,1.165501
joy,85,completion,3,1.165501
joy,86,grow,3,1.165501
joy,87,lucky,3,1.165501
joy,88,smile,3,1.165501
joy,89,pleasant,3,1.165501
joy,90,liking,3,1.165501
joy,91,pleased,3,1.165501
joy,92,engaged,2,0.777001
joy,93,amazingly,2,0.777001
joy,94,exalted,2,0.777001
joy,95,award,2,0.777001
joy,96,familiarity,2,0.777001
joy,97,delightful,2,0.777001
joy,98,notable,2,0.777001
joy,99,established,2,0.777001
joy,100,excitement,2,0.777001
negative,1,monster,227,53.336466
negative,2,hunter,203,47.697368
negative,3,bad,164,38.533835
negative,4,combat,153,35.949248
negative,5,fight,129,30.31015
negative,6,attack,112,26.315789
negative,7,damage,108,25.37594
negative,8,enemy,93,21.851504
negative,9,hit,92,21.616541
negative,10,kill,84,19.736842
negative,11,annoying,71,16.682331
negative,12,hunting,66,15.507519
negative,13,fighting,62,14.567669
negative,14,player,61,14.332707
negative,15,chase,53,12.453008
negative,16,worse,49,11.513158
negative,17,death,48,11.278195
negative,18,die,43,10.103383
negative,19,coop,41,9.633459
negative,20,negative,38,8.928571
negative,21,small,37,8.693609
negative,22,hate,36,8.458647
negative,23,tedious,34,7.988722
negative,24,difficulty,31,7.283835
negative,25,problem,31,7.283835
negative,26,fall,29,6.81391
negative,27,limited,29,6.81391
negative,28,boring,29,6.81391
negative,29,traps,28,6.578947
negative,30,killing,27,6.343985
negative,31,feeling,26,6.109023
negative,32,nameless,26,6.109023
negative,33,lack,26,6.109023
negative,34,grinding,25,5.87406
negative,35,shot,24,5.639098
negative,36,leave,24,5.639098
negative,37,attacking,23,5.404135
negative,38,terrible,23,5.404135
negative,39,melee,22,5.169173
negative,40,shame,22,5.169173
negative,41,lost,21,4.934211
negative,42,cheap,19,4.464286
negative,43,wait,19,4.464286
negative,44,unfair,19,4.464286
negative,45,weird,19,4.464286
negative,46,avoid,17,3.994361
negative,47,sadly,17,3.994361
negative,48,wrong,16,3.759398
negative,49,heavily,16,3.759398
negative,50,loot,16,3.759398
negative,51,hell,15,3.524436
negative,52,chaotic,15,3.524436
negative,53,chaos,15,3.524436
negative,54,hidden,15,3.524436
negative,55,disappointed,15,3.524436
negative,56,patch,15,3.524436
negative,57,trash,15,3.524436
negative,58,grab,14,3.289474
negative,59,frustration,14,3.289474
negative,60,dislike,14,3.289474
negative,61,lose,14,3.289474
negative,62,spoiler,14,3.289474
negative,63,case,13,3.054511
negative,64,waste,13,3.054511
negative,65,unavoidable,13,3.054511
negative,66,chore,13,3.054511
negative,67,poison,12,2.819549
negative,68,summons,12,2.819549
negative,69,mess,12,2.819549
negative,70,impossible,12,2.819549
negative,71,ass,12,2.819549
negative,72,complain,12,2.819549
negative,73,skip,12,2.819549
negative,74,beating,12,2.819549
negative,75,disappointment,12,2.819549
negative,76,disappointing,12,2.819549
negative,77,broken,11,2.584586
negative,78,dying,11,2.584586
negative,79,awful,11,2.584586
negative,80,invade,11,2.584586
negative,81,spent,11,2.584586
negative,82,useless,11,2.584586
negative,83,missing,11,2.584586
negative,84,falling,10,2.349624
negative,85,force,10,2.349624
negative,86,warp,10,2.349624
negative,87,weight,10,2.349624
negative,88,stupid,10,2.349624
negative,89,challenge,10,2.349624
negative,90,losing,9,2.114662
negative,91,wear,9,2.114662
negative,92,garbage,9,2.114662
negative,93,punishing,9,2.114662
negative,94,forget,9,2.114662
negative,95,joke,9,2.114662
negative,96,copy,9,2.114662
negative,97,lacking,9,2.114662
negative,98,immediately,8,1.879699
negative,99,mob,8,1.879699
negative,100,insane,8,1.879699
positive,1,sanctuary,537,105.97987
positive,2,good,354,69.863825
positive,3,fun,336,66.311427
positive,4,level,132,26.050918
positive,5,love,127,25.064141
positive,6,armor,114,22.49852
positive,7,pretty,98,19.340833
positive,8,recommend,87,17.169923
positive,9,cool,65,12.828103
positive,10,worth,63,12.433393
positive,11,main,56,11.051904
positive,12,enjoy,55,10.854549
positive,13,build,53,10.459838
positive,14,epic,50,9.867772
positive,15,gear,50,9.867772
positive,16,unique,47,9.275706
positive,17,completely,46,9.07835
positive,18,interesting,45,8.880995
positive,19,perfect,43,8.486284
positive,20,art,43,8.486284
positive,21,friend,42,8.288928
positive,22,tree,40,7.894217
positive,23,reason,38,7.499507
positive,24,core,35,6.90744
positive,25,progression,35,6.90744
positive,26,found,34,6.710085
positive,27,deal,33,6.512729
positive,28,full,33,6.512729
positive,29,real,33,6.512729
positive,30,jump,32,6.315374
positive,31,craft,32,6.315374
positive,32,solid,31,6.118019
positive,33,stamina,31,6.118019
positive,34,kind,30,5.920663
positive,35,progress,27,5.328597
positive,36,feeling,26,5.131241
positive,37,hope,26,5.131241
positive,38,actual,25,4.933886
positive,39,sense,25,4.933886
positive,40,formula,25,4.933886
positive,41,finally,24,4.73653
positive,42,ability,24,4.73653
positive,43,rest,23,4.539175
positive,44,balance,22,4.34182
positive,45,flying,22,4.34182
positive,46,content,22,4.34182
positive,47,decent,21,4.144464
positive,48,expect,20,3.947109
positive,49,general,19,3.749753
positive,50,music,19,3.749753
positive,51,favorite,19,3.749753
positive,52,focus,19,3.749753
positive,53,title,19,3.749753
positive,54,proper,18,3.552398
positive,55,enjoying,18,3.552398
positive,56,engaging,18,3.552398
positive,57,money,18,3.552398
positive,58,launch,18,3.552398
positive,59,balanced,17,3.355042
positive,60,covenant,17,3.355042
positive,61,fair,17,3.355042
positive,62,special,16,3.157687
positive,63,save,16,3.157687
positive,64,fully,16,3.157687
positive,65,choice,16,3.157687
positive,66,top,16,3.157687
positive,67,learning,16,3.157687
positive,68,major,15,2.960332
positive,69,forward,15,2.960332
positive,70,strength,14,2.762976
positive,71,learn,14,2.762976
positive,72,important,14,2.762976
positive,73,luck,13,2.565621
positive,74,option,13,2.565621
positive,75,improved,13,2.565621
positive,76,charm,13,2.565621
positive,77,job,13,2.565621
positive,78,prefer,13,2.565621
positive,79,pick,12,2.368265
positive,80,present,12,2.368265
positive,81,aesthetic,12,2.368265
positive,82,join,12,2.368265
positive,83,absolute,12,2.368265
positive,84,wise,12,2.368265
positive,85,intended,12,2.368265
positive,86,quest,12,2.368265
positive,87,store,12,2.368265
positive,88,guard,11,2.17091
positive,89,flow,11,2.17091
positive,90,familiar,11,2.17091
positive,91,giving,11,2.17091
positive,92,building,11,2.17091
positive,93,including,10,1.973554
positive,94,weight,10,1.973554
positive,95,healing,10,1.973554
positive,96,resources,10,1.973554
positive,97,community,10,1.973554
positive,98,optional,10,1.973554
positive,99,reward,10,1.973554
positive,100,ultimately,10,1.973554
sadness,1,hunter,203,98.115031
sadness,2,bad,164,79.265346
sadness,3,dark,119,57.515708
sadness,4,damage,108,52.19913
sadness,5,kill,84,40.599323
sadness,6,worse,49,23.682939
sadness,7,death,48,23.199613
sadness,8,die,43,20.782987
sadness,9,art,43,20.782987
sadness,10,negative,38,18.366361
sadness,11,hate,36,17.39971
sadness,12,progression,35,16.916385
sadness,13,difficulty,31,14.983084
sadness,14,problem,31,14.983084
sadness,15,fall,29,14.016433
sadness,16,limited,29,14.016433
sadness,17,killing,27,13.049783
sadness,18,feeling,26,12.566457
sadness,19,shot,24,11.599807
sadness,20,leave,24,11.599807
sadness,21,attacking,23,11.116481
sadness,22,terrible,23,11.116481
sadness,23,shame,22,10.633156
sadness,24,lost,21,10.149831
sadness,25,unfair,19,9.18318
sadness,26,music,19,9.18318
sadness,27,sadly,17,8.21653
sadness,28,hell,15,7.249879
sadness,29,chaos,15,7.249879
sadness,30,disappointed,15,7.249879
sadness,31,trash,15,7.249879
sadness,32,lose,14,6.766554
sadness,33,spoiler,14,6.766554
sadness,34,case,13,6.283229
sadness,35,poison,12,5.799903
sadness,36,impossible,12,5.799903
sadness,37,complain,12,5.799903
sadness,38,beating,12,5.799903
sadness,39,disappointment,12,5.799903
sadness,40,disappointing,12,5.799903
sadness,41,broken,11,5.316578
sadness,42,dying,11,5.316578
sadness,43,awful,11,5.316578
sadness,44,invade,11,5.316578
sadness,45,missing,11,5.316578
sadness,46,falling,10,4.833253
sadness,47,warp,10,4.833253
sadness,48,weight,10,4.833253
sadness,49,losing,9,4.349928
sadness,50,punishing,9,4.349928
sadness,51,crazy,8,3.866602
sadness,52,tough,8,3.866602
sadness,53,demon,8,3.866602
sadness,54,late,7,3.383277
sadness,55,honest,7,3.383277
sadness,56,worry,7,3.383277
sadness,57,unable,7,3.383277
sadness,58,defeated,6,2.899952
sadness,59,lower,6,2.899952
sadness,60,execution,6,2.899952
sadness,61,disappoint,6,2.899952
sadness,62,uninspired,6,2.899952
sadness,63,lovely,6,2.899952
sadness,64,couch,6,2.899952
sadness,65,mad,6,2.899952
sadness,66,rating,5,2.416626
sadness,67,hurt,5,2.416626
sadness,68,black,5,2.416626
sadness,69,worthless,5,2.416626
sadness,70,tomb,5,2.416626
sadness,71,abandoned,5,2.416626
sadness,72,inferior,5,2.416626
sadness,73,pain,5,2.416626
sadness,74,murder,5,2.416626
sadness,75,remove,5,2.416626
sadness,76,disliked,5,2.416626
sadness,77,wanting,5,2.416626
sadness,78,blue,5,2.416626
sadness,79,interrupted,4,1.933301
sadness,80,sick,4,1.933301
sadness,81,stab,4,1.933301
sadness,82,invader,4,1.933301
sadness,83,grim,4,1.933301
sadness,84,worried,4,1.933301
sadness,85,unforgiving,4,1.933301
sadness,86,mistake,4,1.933301
sadness,87,ruined,4,1.933301
sadness,88,shroud,4,1.933301
sadness,89,ruin,4,1.933301
sadness,90,jarring,4,1.933301
sadness,91,punished,4,1.933301
sadness,92,lethal,3,1.449976
sadness,93,doubt,3,1.449976
sadness,94,endless,3,1.449976
sadness,95,deadly,3,1.449976
sadness,96,error,3,1.449976
sadness,97,aggravating,3,1.449976
sadness,98,criticism,3,1.449976
sadness,99,unpleasant,3,1.449976
sadness,100,inconvenient,3,1.449976
surprise,1,good,354,315.508021
surprise,2,death,48,42.780749
surprise,3,unique,47,41.889483
surprise,4,art,43,38.324421
surprise,5,tree,40,35.650624
surprise,6,deal,33,29.411765
surprise,7,feeling,26,23.172906
surprise,8,hope,26,23.172906
surprise,9,shot,24,21.390374
surprise,10,finally,24,21.390374
surprise,11,leave,24,21.390374
surprise,12,attacking,23,20.499109
surprise,13,chance,22,19.607843
surprise,14,expect,20,17.825312
surprise,15,money,18,16.042781
surprise,16,guess,16,14.26025
surprise,17,lose,14,12.477718
surprise,18,luck,13,11.586453
surprise,19,present,12,10.695187
surprise,20,stagger,12,10.695187
surprise,21,break,12,10.695187
surprise,22,invade,11,9.803922
surprise,23,weight,10,8.912656
surprise,24,reward,10,8.912656
surprise,25,memorable,9,8.02139
surprise,26,surprised,9,8.02139
surprise,27,randomly,8,7.130125
surprise,28,blast,7,6.238859
surprise,29,experiment,6,5.347594
surprise,30,inspired,6,5.347594
surprise,31,lovely,6,5.347594
surprise,32,pop,6,5.347594
surprise,33,lightning,6,5.347594
surprise,34,murder,5,4.456328
surprise,35,excited,5,4.456328
surprise,36,sweet,5,4.456328
surprise,37,mystery,5,4.456328
surprise,38,slam,4,3.565062
surprise,39,stab,4,3.565062
surprise,40,highest,4,3.565062
surprise,41,wonderful,4,3.565062
surprise,42,occasional,4,3.565062
surprise,43,curiosity,4,3.565062
surprise,44,bonus,4,3.565062
surprise,45,score,4,3.565062
surprise,46,suddenly,3,2.673797
surprise,47,mysterious,3,2.673797
surprise,48,surprise,3,2.673797
surprise,49,hilarious,3,2.673797
surprise,50,lucky,3,2.673797
surprise,51,smile,3,2.673797
surprise,52,larger,3,2.673797
surprise,53,catch,3,2.673797
surprise,54,pleasant,3,2.673797
surprise,55,amazingly,2,1.782531
surprise,56,differently,2,1.782531
surprise,57,award,2,1.782531
surprise,58,raid,2,1.782531
surprise,59,uncover,2,1.782531
surprise,60,wild,2,1.782531
surprise,61,surprisingly,2,1.782531
surprise,62,abrupt,2,1.782531
surprise,63,excitement,2,1.782531
surprise,64,warned,2,1.782531
surprise,65,steady,2,1.782531
surprise,66,exciting,2,1.782531
surprise,67,unpredictable,2,1.782531
surprise,68,slap,2,1.782531
surprise,69,bizarre,2,1.782531
surprise,70,compliment,2,1.782531
surprise,71,laugh,2,1.782531
surprise,72,wizard,2,1.782531
surprise,73,chimera,2,1.782531
surprise,74,sun,2,1.782531
surprise,75,invite,2,1.782531
surprise,76,winning,2,1.782531
surprise,77,spirits,1,0.891266
surprise,78,whim,1,0.891266
surprise,79,violent,1,0.891266
surprise,80,cream,1,0.891266
surprise,81,majestic,1,0.891266
surprise,82,interrupt,1,0.891266
surprise,83,gift,1,0.891266
surprise,84,wonderfully,1,0.891266
surprise,85,magician,1,0.891266
surprise,86,exhilaration,1,0.891266
surprise,87,perfection,1,0.891266
surprise,88,horror,1,0.891266
surprise,89,judgment,1,0.891266
surprise,90,ecstatic,1,0.891266
surprise,91,insult,1,0.891266
surprise,92,clown,1,0.891266
surprise,93,horde,1,0.891266
surprise,94,splendor,1,0.891266
surprise,95,entertainment,1,0.891266
surprise,96,teach,1,0.891266
surprise,97,surprising,1,0.891266
surprise,98,electric,1,0.891266
surprise,99,veer,1,0.891266
surprise,100,proficiency,1,0.891266
trust,1,sanctuary,537,182.281059
trust,2,good,354,120.162933
trust,3,level,132,44.806517
trust,4,armor,114,38.696538
trust,5,pretty,98,33.265445
trust,6,recommend,87,29.531568
trust,7,system,87,29.531568
trust,8,enjoy,55,18.669382
trust,9,perfect,43,14.596062
trust,10,friend,42,14.256619
trust,11,tree,40,13.577733
trust,12,progression,35,11.880516
trust,13,found,34,11.541073
trust,14,deal,33,11.201629
trust,15,fact,33,11.201629
trust,16,real,33,11.201629
trust,17,stamina,31,10.522743
trust,18,kind,30,10.183299
trust,19,feeling,26,8.825526
trust,20,hope,26,8.825526
trust,21,constantly,25,8.486083
trust,22,formula,25,8.486083
trust,23,finally,24,8.14664
trust,24,content,22,7.467753
trust,25,series,20,6.788866
trust,26,expect,20,6.788866
trust,27,general,19,6.449423
trust,28,favorite,19,6.449423
trust,29,title,19,6.449423
trust,30,enjoying,18,6.10998
trust,31,engaging,18,6.10998
trust,32,show,18,6.10998
trust,33,money,18,6.10998
trust,34,covenant,17,5.770536
trust,35,save,16,5.431093
trust,36,fully,16,5.431093
trust,37,top,16,5.431093
trust,38,strength,14,4.752206
trust,39,important,14,4.752206
trust,40,prefer,13,4.412763
trust,41,present,12,4.07332
trust,42,guard,11,3.733876
trust,43,familiar,11,3.733876
trust,44,weight,10,3.394433
trust,45,fixed,10,3.394433
trust,46,ground,10,3.394433
trust,47,healing,10,3.394433
trust,48,resources,10,3.394433
trust,49,reward,10,3.394433
trust,50,continue,9,3.05499
trust,51,memorable,9,3.05499
trust,52,worthy,9,3.05499
trust,53,wear,9,3.05499
trust,54,fairly,9,3.05499
trust,55,base,9,3.05499
trust,56,constant,8,2.715547
trust,57,cooperative,8,2.715547
trust,58,improvement,8,2.715547
trust,59,powerful,8,2.715547
trust,60,share,8,2.715547
trust,61,respect,8,2.715547
trust,62,true,8,2.715547
trust,63,god,8,2.715547
trust,64,happy,8,2.715547
trust,65,team,8,2.715547
trust,66,honest,7,2.376103
trust,67,neutral,7,2.376103
trust,68,deserve,7,2.376103
trust,69,excellent,7,2.376103
trust,70,count,7,2.376103
trust,71,cover,6,2.03666
trust,72,explain,6,2.03666
trust,73,encourage,6,2.03666
trust,74,execution,6,2.03666
trust,75,inspired,6,2.03666
trust,76,achievement,6,2.03666
trust,77,lovely,6,2.03666
trust,78,related,6,2.03666
trust,79,majority,5,1.697217
trust,80,alive,5,1.697217
trust,81,personal,5,1.697217
trust,82,praise,5,1.697217
trust,83,offering,5,1.697217
trust,84,trust,5,1.697217
trust,85,excited,5,1.697217
trust,86,sweet,5,1.697217
trust,87,remains,5,1.697217
trust,88,depth,5,1.697217
trust,89,don,5,1.697217
trust,90,heal,5,1.697217
trust,91,word,5,1.697217
trust,92,cap,5,1.697217
trust,93,trade,5,1.697217
trust,94,wonderful,4,1.357773
trust,95,manage,4,1.357773
trust,96,secret,4,1.357773
trust,97,inclusion,4,1.357773
trust,98,obvious,4,1.357773
trust,99,loving,4,1.357773
trust,100,akin,4,1.357773
